{"camMatrix":[1157.7793009665786,0.0,667.1110537002642,0.0,1152.8229127166371,386.1289375014773,0.0,0.0,1.0],"distortion":[156.0,199.0,244.0,147.0,4.0]}