{"camMatrix":[2.692271299254877e-38,4.565321922302246,0.0,0.0,0.0,-7.175800887737963e-14,0.0,0.0,0.0],"distortion":[156.0,199.0,244.0,147.0,4.0]}